cod.A45041C4240B7-0,https://www.domino-group.com/tommaselli/en/black-red-road-racing-grips-a45041c4240b7-0.html?idct=52
cod.A45041C4540B7-0,https://www.domino-group.com/tommaselli/en/orange-black-road-racing-grips-a45041c4540b7-0.html?idct=52
cod.A45041C4740B7-0,https://www.domino-group.com/tommaselli/en/black-yellow-road-racing-grips-a45041c4740b7-0.html?idct=52
cod.A45041C4440B7-0,https://www.domino-group.com/tommaselli/en/black-green-road-racing-grips-a45041c4440b7-0.html?idct=52
cod.A45041C5240B7-0,https://www.domino-group.com/tommaselli/en/black-grey-road-racing-grips-a45041c5240b7-0.html?idct=52
cod.A45041C4840B7-0,https://www.domino-group.com/tommaselli/en/black-blue-road-racing-grips-a45041c4840b7-0.html?idct=52
cod.A45041C4648B7-0,https://www.domino-group.com/tommaselli/en/blue-white-road-racing-grips-a45041c4648b7-0.html?idct=52
cod.A01041C4240B7-0,https://www.domino-group.com/tommaselli/en/black-red-road-racing-grips-a01041c4240b7-0.html?idct=52
cod.A01041C4540B7-0,https://www.domino-group.com/tommaselli/en/black-orange-road-racing-grips-a01041c4540b7-0.html?idct=52
cod.A01041C4740B7-0,https://www.domino-group.com/tommaselli/en/black-yellow-road-racing-grips-a01041c4740b7-0.html?idct=52
cod.A01041C4440B7-0,https://www.domino-group.com/tommaselli/en/black-green-road-racing-grips-a01041c4440b7-0.html?idct=52
cod.A01041C5240B7-0,https://www.domino-group.com/tommaselli/en/black-grey-road-racing-grips-a01041c5240b7-0.html?idct=52
cod.A01041C4840B7-0,https://www.domino-group.com/tommaselli/en/black-blue-road-racing-grips-a01041c4840b7-0.html?idct=52
cod.A01041C4648B7-0,https://www.domino-group.com/tommaselli/en/blue-white-road-racing-grips-a01041c4648b7-0.html?idct=52
cod.A01041C4046B7-0,https://www.domino-group.com/tommaselli/en/white-black-road-racing-grips-a01041c4046b7-0.html?idct=52
cod.A01041C4052B7-0,https://www.domino-group.com/tommaselli/en/grey-black-road-racing-grips-a01041c4052b7-0.html?idct=52
cod.A25041C4240B7-0,https://www.domino-group.com/tommaselli/en/black-red-road-racing-grips-a25041c4240b7-0.html?idct=52
cod.A25041C4540B7-0,https://www.domino-group.com/tommaselli/en/black-orange-road-racing-grips-a25041c4540b7-0.html?idct=52
cod.A25041C4740B7-0,https://www.domino-group.com/tommaselli/en/black-yellow-road-racing-grips-a25041c4740b7-0.html?idct=52
cod.A25041C4440B7-0,https://www.domino-group.com/tommaselli/en/black-green-road-racing-grips-a25041c4440b7-0.html?idct=52
cod.A25041C4052B7-0,https://www.domino-group.com/tommaselli/en/grey-black-road-racing-grips-a25041c4052b7-0.html?idct=52
cod.A25041C4046C7-0,https://www.domino-group.com/tommaselli/en/white-black-road-racing-grips-a25041c4046c7-0.html?idct=52
cod.A25041C5240B7-0,https://www.domino-group.com/tommaselli/en/black-grey-road-racing-grips-a25041c5240b7-0.html?idct=52
cod.A25041C4840B7-0,https://www.domino-group.com/tommaselli/en/black-blue-road-racing-grips-a25041c4840b7-0.html?idct=52
cod.A25041C4648B7-0,https://www.domino-group.com/tommaselli/en/blue-white-road-racing-grips-a25041c4648b7-0.html?idct=52
cod.A25041C4643B7-0,https://www.domino-group.com/tommaselli/en/fuchsia-white-road-racing-grips-a25041c4643b7-0.html?idct=52
cod.A25041C4340B7-0,https://www.domino-group.com/tommaselli/en/black-fuchsia-road-racing-grips-a25041c4340b7-0.html?idct=52
cod.A25041C4748B7-0,https://www.domino-group.com/tommaselli/en/blue-yellow-road-racing-grips-a25041c4748b7-0.html?idct=52
cod.A25041C4072C7-0,https://www.domino-group.com/tommaselli/en/firm-anthracite-black-grips-a25041c4072c7-0.html?idct=52
cod.A35041C4270C7-0,https://www.domino-group.com/tommaselli/en/anthracite-red-touring-grips-a35041c4270c7-0.html?idct=52
cod.A35041C4570C7-0,https://www.domino-group.com/tommaselli/en/anthracite-orange-touring-grips-a35041c4570c7-0.html?idct=52
cod.A35041C4770C7-0,https://www.domino-group.com/tommaselli/en/anthracite-yellow-touring-grips-a35041c4770c7-0.html?idct=52
cod.A35041C4470C7-0,https://www.domino-group.com/tommaselli/en/anthracite-green-touring-grips-a35041c4470c7-0.html?idct=52
cod.A35041C4042C7-0,https://www.domino-group.com/tommaselli/en/red-black-touring-grips-a35041c4042c7-0.html?idct=52
cod.A35041C4044C7-0,https://www.domino-group.com/tommaselli/en/green-black-touring-grips-a35041c4044c7-0.html?idct=52
cod.A35041C4048C7-0,https://www.domino-group.com/tommaselli/en/blue-black-touring-grips-a35041c4048c7-0.html?idct=52
cod.A35041C4870C7-0,https://www.domino-group.com/tommaselli/en/anthracite-blue-touring-grips-a35041c4870c7-0.html?idct=52
cod.A35041C5270C7-0,https://www.domino-group.com/tommaselli/en/anthracite-grey-touring-grips-a35041c5270c7-0.html?idct=52
cod.A35041C4070C7-0,https://www.domino-group.com/tommaselli/en/anthracite-black-touring-grips-a35041c4070c7-0.html?idct=52
cod.A35041C7059C7-0,https://www.domino-group.com/tommaselli/en/silver-anthracite-touring-grips-a35041c7059c7-0.html?idct=52
cod.A35041C4063C7-0,https://www.domino-group.com/tommaselli/en/brown-black-touring-grips-a35041c4063c7-0.html?idct=52
cod.A35041C6564C7-0,https://www.domino-group.com/tommaselli/en/brown-grey-touring-grips-a35041c6564c7-0.html?idct=52
cod.A35041C6459C7-0,https://www.domino-group.com/tommaselli/en/silver-brown-touring-grips-a35041c6459c7-0.html?idct=52
cod.6274.82.40.06-0,https://www.domino-group.com/tommaselli/en/domino-style-open-grips-6274-82-40-06-0.html?idct=52
cod.6272.82.40.06-0,https://www.domino-group.com/tommaselli/en/domino-style-closed-grips-6272-82-40-06-0.html?idct=52
cod.3721.82.40.06-0,https://www.domino-group.com/tommaselli/en/120-mm-open-grips-3721-82-40-06-0.html?idct=52
cod.3720.82.40.06-0,https://www.domino-group.com/tommaselli/en/120-mm-closed-grips-3720-82-40-06-0.html?idct=52
cod.0397.82.40.06,https://www.domino-group.com/tommaselli/en/open-black-trial-grips-0397-82-40-06.html?idct=52
cod.1128.82.40.06-1,https://www.domino-group.com/tommaselli/en/dakar-128-mm-open-grips-1128-82-40-06-1.html?idct=52
cod.1124.82.40.06-1,https://www.domino-group.com/tommaselli/en/dakar-128-mm-closed-grips-1124-82-40-06-1.html?idct=52
cod.1129.82.40.06,https://www.domino-group.com/tommaselli/en/115-mm-open-grips-1129-82-40-06.html?idct=52
cod.1127.82.40.06,https://www.domino-group.com/tommaselli/en/115-mm-closed-grips-1127-82-40-06.html?idct=52
cod.5519.82.40.06-0,https://www.domino-group.com/tommaselli/en/domino-open-grips-5519-82-40-06-0.html?idct=52
cod.3205.82.40.06,https://www.domino-group.com/tommaselli/en/domino-closed-grips-3205-82-40-06.html?idct=52
cod.1103.82.40.04,https://www.domino-group.com/tommaselli/en/foam-grips-1103-82-40-04.html?idct=52
cod.1140.82.40.06,https://www.domino-group.com/tommaselli/en/elefant-grips-1140-82-40-06.html?idct=52
cod.4141.82.40.04,https://www.domino-group.com/tommaselli/en/chromed-plug-grips-4141-82-40-04.html?idct=52
cod.2470.82.40.04,https://www.domino-group.com/tommaselli/en/custom-grips-2470-82-40-04.html?idct=52
cod.6190.82.40.06-0,https://www.domino-group.com/tommaselli/en/bmw-style-grips-6190-82-40-06-0.html?idct=52
cod.6189.82.40.06-0,https://www.domino-group.com/tommaselli/en/bmw-style-grips-6189-82-40-06-0.html?idct=52
cod.0280.82.40.06-0,https://www.domino-group.com/tommaselli/en/honda-style-open-grips-0280-82-40-06-0.html?idct=52
cod.0282.82.40.06-0,https://www.domino-group.com/tommaselli/en/honda-style-closed-grips-0282-82-40-06-0.html?idct=52
cod.1082.82.40.06,https://www.domino-group.com/tommaselli/en/japan-style-closed-grips-1082-82-40-06.html?idct=52
cod.1109.82.40.06,https://www.domino-group.com/tommaselli/en/japan-style-open-grips-1109-82-40-06.html?idct=52
cod.0300.82.40.06-0,https://www.domino-group.com/tommaselli/en/yamaha-style-grips-0300-82-40-06-0.html?idct=52
cod.1152.82.40.06,https://www.domino-group.com/tommaselli/en/suzuki-style-grips-1152-82-40-06.html?idct=52
cod.A36041C4042A7-0,https://www.domino-group.com/tommaselli/en/black-red-off-road-grips-a36041c4042a7-0.html?idct=53
cod.A36041C4045A7-0,https://www.domino-group.com/tommaselli/en/black-orange-off-road-grips-a36041c4045a7-0.html?idct=53
cod.A36041C4047A7-0,https://www.domino-group.com/tommaselli/en/black-yellow-off-road-grips-a36041c4047a7-0.html?idct=53
cod.A36041C4044A7-0,https://www.domino-group.com/tommaselli/en/black-green-off-road-grips-a36041c4044a7-0.html?idct=53
cod.A36041C4052A7-0,https://www.domino-group.com/tommaselli/en/black-grey-off-road-grips-a36041c4052a7-0.html?idct=53
cod.A36041C4846A7-0,https://www.domino-group.com/tommaselli/en/blue-white-off-road-grips-a36041c4846a7-0.html?idct=53
cod.A36041C5245A7-0,https://www.domino-group.com/tommaselli/en/grey-orange-off-road-grips-a36041c5245a7-0.html?idct=53
cod.A26041C4240A7-0,https://www.domino-group.com/tommaselli/en/black-red-off-road-grips-a26041c4240a7-0.html?idct=53
cod.A26041C4540A7-0,https://www.domino-group.com/tommaselli/en/black-orange-off-road-grips-a26041c4540a7-0.html?idct=53
cod.A26041C4740A7-0,https://www.domino-group.com/tommaselli/en/black-yellow-off-road-grips-a26041c4740a7-0.html?idct=53
cod.A26041C5040A7-0,https://www.domino-group.com/tommaselli/en/black-yellow-fluo-off-road-grips-a26041c5040a7-0.html?idct=53
cod.A26041C4440A7-0,https://www.domino-group.com/tommaselli/en/black-green-off-road-grips-a26041c4440a7-0.html?idct=53
cod.A26041C5240A7-0,https://www.domino-group.com/tommaselli/en/black-grey-off-road-grips-a26041c5240a7-0.html?idct=53
cod.A26041C4648A7-0,https://www.domino-group.com/tommaselli/en/blue-white-off-road-grips-a26041c4648a7-0.html?idct=53
cod.A26041C4852A7-0,https://www.domino-group.com/tommaselli/en/grey-blue-off-road-grips-a26041c4852a7-0.html?idct=53
cod.A26041C4046A7-0,https://www.domino-group.com/tommaselli/en/white-black-off-road-grips-a26041c4046a7-0.html?idct=53
cod.A26041C4552A7-0,https://www.domino-group.com/tommaselli/en/grey-orange-off-road-grips-a26041c4552a7-0.html?idct=53
cod.A26041C96A7-0,https://www.domino-group.com/tommaselli/en/snake-red-black-grips-a26041c96a7-0.html?idct=53
cod.A26041C94A7-0,https://www.domino-group.com/tommaselli/en/snack-orange-black-grips-a26041c94a7-0.html?idct=53
cod.A26041C91A7-0,https://www.domino-group.com/tommaselli/en/snake-yellow-black-grips-a26041c91a7-0.html?idct=53
cod.A26041C95A7-0,https://www.domino-group.com/tommaselli/en/snake-green-black-grips-a26041c95a7-0.html?idct=53
cod.A26041C93A7-0,https://www.domino-group.com/tommaselli/en/snake-red-white-grips-a26041c93a7-0.html?idct=53
cod.A26041C92A7-0,https://www.domino-group.com/tommaselli/en/snake-blue-white-grips-a26041c92a7-0.html?idct=53
cod.A26041C98A7-0,https://www.domino-group.com/tommaselli/en/camo-jungle-grips-a26041c98a7-0.html?idct=53
cod.A26041C5700A7-0,https://www.domino-group.com/tommaselli/en/bronze-off-road-grips-a26041c5700a7-0.html?idct=53
cod.A02041C4240A7-1,https://www.domino-group.com/tommaselli/en/black-red-off-road-grips-a02041c4240a7-1.html?idct=53
cod.A02041C4540A7-1,https://www.domino-group.com/tommaselli/en/black-orange-off-road-grips-a02041c4540a7-1.html?idct=53
cod.A02041C4740A7-1,https://www.domino-group.com/tommaselli/en/black-yellow-off-road-grips-a02041c4740a7-1.html?idct=53
cod.A02041C4440A7-1,https://www.domino-group.com/tommaselli/en/black-green-off-road-grips-a02041c4440a7-1.html?idct=53
cod.A02041C7170A7-1,https://www.domino-group.com/tommaselli/en/black-grey-off-road-grips-a02041c7170a7-1.html?idct=53
cod.A02041C4648A7-1,https://www.domino-group.com/tommaselli/en/blue-white-off-road-grips-a02041c4648a7-1.html?idct=53
cod.A02041C4552A7-1,https://www.domino-group.com/tommaselli/en/grey-orange-off-road-grips-a02041c4552a7-1.html?idct=53
cod.A19041C4240A7-0,https://www.domino-group.com/tommaselli/en/black-red-x-treme-grips-a19041c4240a7-0.html?idct=53
cod.A19041C4540A7-0,https://www.domino-group.com/tommaselli/en/black-orange-x-treme-grips-a19041c4540a7-0.html?idct=53
cod.A19041C4740A7-0,https://www.domino-group.com/tommaselli/en/black-yellow-x-treme-grips-a19041c4740a7-0.html?idct=53
cod.A19041C4440A7-0,https://www.domino-group.com/tommaselli/en/black-green-x-treme-grips-a19041c4440a7-0.html?idct=53
cod.A19041C5240A7-0,https://www.domino-group.com/tommaselli/en/black-grey-x-treme-grips-a19041c5240a7-0.html?idct=53
cod.A19041C5248A7-0,https://www.domino-group.com/tommaselli/en/blue-grey-x-treme-grips-a19041c5248a7-0.html?idct=53
cod.A19041C4845A7-0,https://www.domino-group.com/tommaselli/en/orange-blue-x-treme-grips-a19041c4845a7-0.html?idct=53
cod.1150.82.48.06,https://www.domino-group.com/tommaselli/en/light-blue-cross-enduro-grips-1150-82-48-06.html?idct=53
cod.1150.82.50.06,https://www.domino-group.com/tommaselli/en/yellow-fluo-cross-enduro-grips-1150-82-50-06.html?idct=53
cod.1150.82.40.06,https://www.domino-group.com/tommaselli/en/black-cross-enduro-grips-1150-82-40-06.html?idct=53
cod.1150.82.52.06,https://www.domino-group.com/tommaselli/en/grey-cross-enduro-grips-1150-82-52-06.html?idct=53
cod.1150.82.42.06,https://www.domino-group.com/tommaselli/en/red-cross-enduro-grips-1150-82-42-06.html?idct=53
cod.1150.82.64.06-0,https://www.domino-group.com/tommaselli/en/brown-cross-enduro-grips-1150-82-64-06-0.html?idct=53
cod.6131.82.40.06,https://www.domino-group.com/tommaselli/en/black-cross-enduro-grips-6131-82-40-06.html?idct=53
cod.6131.82.52.06,https://www.domino-group.com/tommaselli/en/grey-cross-enduro-grips-6131-82-52-06.html?idct=53
cod.6131.82.50.06,https://www.domino-group.com/tommaselli/en/yellow-fluo-cross-enduro-grips-6131-82-50-06.html?idct=53
cod.1131.82.40.04,https://www.domino-group.com/tommaselli/en/indoor-black-grips-1131-82-40-04.html?idct=53
cod.3393.82.40.04,https://www.domino-group.com/tommaselli/en/black-grips-3393-82-40-04.html?idct=69
cod.1973.82.40.04,https://www.domino-group.com/tommaselli/en/moped-grips-1973-82-40-04.html?idct=69
cod.3394.82.54.06-1,https://www.domino-group.com/tommaselli/en/brown-barrel-grips-3394-82-54-06-1.html?idct=69
cod.2166.82.40.04,https://www.domino-group.com/tommaselli/en/black-grips-2166-82-40-04.html?idct=69
cod.3040.82.40.04,https://www.domino-group.com/tommaselli/en/vespa-50h-grips-3040-82-40-04.html?idct=69
cod.5239.82.40.04,https://www.domino-group.com/tommaselli/en/open-grips-5239-82-40-04.html?idct=69
cod.5243.82.40.04,https://www.domino-group.com/tommaselli/en/closed-grips-5243-82-40-04.html?idct=69
cod.3031.82.40.04,https://www.domino-group.com/tommaselli/en/typhoon-grips-3031-82-40-04.html?idct=69
cod.1990.82.40.04,https://www.domino-group.com/tommaselli/en/black-grips-1990-82-40-04.html?idct=69
cod.1934.82.40.04,https://www.domino-group.com/tommaselli/en/octagonal-grips-1934-82-40-04.html?idct=69
cod.1496.82.40.04,https://www.domino-group.com/tommaselli/en/yamaha-style-grips-1496-82-40-04.html?idct=69
cod.1058.82.75.06-0,https://www.domino-group.com/tommaselli/en/brown-daytona-grips-1058-82-75-06-0.html?idct=68
cod.1058.82.40.06-1,https://www.domino-group.com/tommaselli/en/black-daytona-grips-1058-82-40-06-1.html?idct=68
cod.3394.82.75.06-0,https://www.domino-group.com/tommaselli/en/retro-grips-3394-82-75-06-0.html?idct=68
cod.1131.82.75.06-0,https://www.domino-group.com/tommaselli/en/retro-grips-1131-82-75-06-0.html?idct=68
cod.1124.82.75.06-0,https://www.domino-group.com/tommaselli/en/cafe-racer-grips-1124-82-75-06-0.html?idct=68
cod.A24041C4240A7-0,https://www.domino-group.com/tommaselli/en/black-red-trial-grips-a24041c4240a7-0.html?idct=67
cod.A24041C5240A7-0,https://www.domino-group.com/tommaselli/en/black-grey-trial-grips-a24041c5240a7-0.html?idct=67
cod.A24041C4046A7-0,https://www.domino-group.com/tommaselli/en/white-black-trial-grips-a24041c4046a7-0.html?idct=67
cod.A24041C4052A7-0,https://www.domino-group.com/tommaselli/en/grey-black-trial-grips-a24041c4052a7-0.html?idct=67
cod.A24041C4648A7-0,https://www.domino-group.com/tommaselli/en/blue-white-trial-grips-a24041c4648a7-0.html?idct=67
cod.1908.82.40.04,https://www.domino-group.com/tommaselli/en/closed-trial-grips-1908-82-40-04.html?idct=67
cod.6280.82.52.06-0,https://www.domino-group.com/tommaselli/en/grey-trial-grips-6280-82-52-06-0.html?idct=67
cod.6280.82.40.06-0,https://www.domino-group.com/tommaselli/en/black-trial-grips-6280-82-40-06-0.html?idct=67
cod.A18041C4240A7-0,https://www.domino-group.com/tommaselli/en/black-red-atv-grips-a18041c4240a7-0.html?idct=71
cod.A18041C4648A7-0,https://www.domino-group.com/tommaselli/en/blue-white-atv-grips-a18041c4648a7-0.html?idct=71
cod.A18041C4740A7-0,https://www.domino-group.com/tommaselli/en/black-yellow-atv-grips-a18041c4740a7-0.html?idct=71
cod.0900.82.40.06-0,https://www.domino-group.com/tommaselli/en/diam-22-black-atv-grips-0900-82-40-06-0.html?idct=71
cod.0900.82.42.06-0,https://www.domino-group.com/tommaselli/en/diam-22-red-atv-grips-0900-82-42-06-0.html?idct=71
cod.0900.82.48.06-0,https://www.domino-group.com/tommaselli/en/diam-22-blue-atv-grips-0900-82-48-06-0.html?idct=71
cod. A18041C4240A7-0,https://www.domino-group.com/tommaselli/en/black-red-atv-grips-a18041c4240a7-0.html?idct=71
cod. A18041C4648A7-0,https://www.domino-group.com/tommaselli/en/blue-white-atv-grips-a18041c4648a7-0.html?idct=71
cod. A18041C4740A7-0,https://www.domino-group.com/tommaselli/en/black-yellow-atv-grips-a18041c4740a7-0.html?idct=71
